,Percent Diff %,Percent Diff %,Rent,Rent,Rent,Rent,E2023 Rent
Date,1H-2023,2H-2022,1H-2022,1H-2023,2H-2021,2H-2022,2H-2022
Home Style,,,,,,,
3 Bd 2 Ba <1600 sqft,0.04154838195999866,0.14161952472703887,2110.022,2197.69,1946.25,2221.8769999999995,2536.54
3 Bd 2 Ba >1600 sqft,,0.10593000000000008,2222.81,,2000.0,2211.86,2446.16
4 Bd 2 Ba >1600 sqft,,0.020291905312797898,2317.433333333333,,2227.2633333333333,2272.45875,2318.57
4 Bd 2.5 Ba >1600 sqft,,,2403.75,,,2422.86,
4 Bd 3 Ba >1600 sqft,,0.12345752684276246,2396.36,,2346.07,2635.71,2961.11
5 Bd 3.5 Ba >1600 sqft,,,2743.44,,2580.0,,
